Job Title,Company,Location,Link,Description,Salary
Data Analyst,Morningstar,Mumbai,https://www.naukri.com/job-listings-data-analyst-morningstar-india-p-ltd-mumbai-1-to-6-years-170725503558,"Data Analysts
Morningstar is looking for Data Analysts, an entry-level opportunity to join our Data and Operations group. This role will help you gain practical experience by working with diverse datasets, including public equity filings, private market transactions, ESG taxonomies, Managed Investment Data (Funds), and reference entity data. Youll build your knowledge about investment management, grow your skills in Excel, SQL, and Power BI, and benefit from structured training to support your growth, setting you up for long-term success.
This position will be permanently based in our Mumbai office; therefore, preference will be given to candidates residing in Mumbai. Candidates in this role may need to work in rotational shifts, including night shifts.
How does a typical day at work look
Search, collect and verify data of basic and intermediate levels of complexity
Attend to internal/client queries and requests to ensure data captured is aligned with data methodologies and policy guidelines
Quickly learn our research methods and process standards to ensure productivity, quality and timeliness
Collaborate with your team, cross-functional and external (if required) parties to resolve data issues.
You also get opportunities to innovate and improve processes/tools or participate in stretch projects and/or tasks besides your core responsibilities.
You might be a good fit if you -
Hold a Bachelor s degree (preferably in finance) with 60% marks
Demonstrate English communication skills (written/oral/comprehension)
Are proficient in MS Office tools, especially Excel and Word
Learn quickly and process with ease
Possesses attention to detail, a proactive mindset, and natural curiosity
Effectively prioritize tasks and perform well under tight deadlines
The role is open to fresh graduates as well as professionals with up to 1 year of experience.
How does it work
Once you apply to this role, here is how the hiring process looks -
Online Assessment - This includes sections on domain knowledge(finance), cognitive ability, English language, and a typing test.
Candidate Information Session - For those who clear the assessment, a session will be conducted to give an overview of Morningstar, our business areas, and what you can expect after joining.
Interviews - Shortlisted candidates will go through two rounds of interviews. This is also your opportunity to ask any questions and learn more from our interviewers.
Please note, only shortlisted candidates will be contacted by the Morningstar recruitment team.
Work Location : Vashi, Navi Mumbai.
Month of Joining: Aug 2025
What You Can Expect From Us
Find your passion through development, not just a job. As an Early Career hire, you will receive development through hands-on experience, stretch projects, mentoring, and career development workshops.
Meaning, belonging, and flexibility - At Morningstar, we want you to bring your whole self to work. Individual flexibility and the ability to make choices that support work-life integration are central to our culture and operational practices.
Work Schedule & Shifts - At Morningstar, we foster a strong in-office culture because we believe collaboration and innovation thrive when we are together. Our current Workplace Flexibility Policy allows employees to work remotely up to two days per week, providing a balance between flexibility and in-person engagement. Given that most business units operate in rotational shifts, you are required to demonstrate flexibility in working across different shifts. Shift allowances will be provided as a recognition of your adaptability and commitment.
At Morningstar, your talents are recognized because people are our most important assets. Across our offices worldwide, weve invested in fostering a community where your voice is heard, your ideas matter, and your contributions are rewarded.
About Morningstar
Morningstar is a global leader in independent investment research, supporting investors in over 32 countries with $300+ billion assets under management. Our mission is to empower investor success through data, research, and technology.
We build products and offer services that connect people to the investing information and the tools that they need. We are built on the principles of independence, transparency, and long-term thinking. By empowering investor success, we are constantly looking for new ways to help people achieve financial security.
Morningstar is an equal-opportunity employer.",Not Mentioned
Data Analyst - Off Roll,Royal Enfield,Chennai,https://www.naukri.com/job-listings-data-analyst-off-roll-royal-enfield-chennai-1-to-2-years-150725025159,"Job Summary:
The organization seeks a highly motivated and analytical Data Analyst to join the
team. The ideal candidate will be passionate about using data to drive business
decisions and improve processes. Responsibilities include collecting, cleaning,
analyzing, and interpreting complex datasets, providing actionable insights to various
stakeholders across the organization.

Key Responsibilities:",Avg. salary - 5.8 LPA
Data Analyst,Simplilearn,Bengaluru,https://www.naukri.com/job-listings-data-analyst-simplilearn-bengaluru-2-to-5-years-170725015878,"Position - Data Analyst/Senior Data Analyst
Location: Bengaluru

About Simplilearn
Simplilearn is the world's #1 online bootcamp providing digital skills training to help individuals acquire the skills they need to thrive in the digital economy. We provide rigorous online training in disciplines such as Cyber Security, Cloud Computing, Project Management, Digital Marketing, and Data Science, among others. In other words, we specialize in areas where technologies and best practices are changing rapidly, and the demand for qualified candidates significantly exceeds supply.
Designed and continually updated by 2000+ renowned industry and academic experts, we offer a choice of individual courses, comprehensive certification programs, and partnerships with some world-renowned universities, helping millions of professionals with work-ready skills they need to excel in their career, and thousands of organizations with their corporate training and employee upskilling needs. Our practical and applied approach has resulted in 85 percent of learners getting promotions or new jobs. Learn by doing over 1,000 live classes each month, real-world projects, and more. Experience the new way of learning at Simplilearn.
Our analytics team is composed of talented and driven problem-solvers. We never stop learning, we teach one another, and we take immense pride in our work. We are looking for someone to join our top-notch Analytics team.

What Youll Do
Define key metrics for the various domains including business, marketing, website and post purchase (Engagement, Completion, Experience etc) that would help the FSA Team streamline their operations and drive improvements.
Understand the strategic roadmap of business stakeholders and support them in achieving the targets.
Collaborate with FSA team, Data Engineering team to support strategic growth initiatives
Develop, maintain, and optimize Tableau dashboards for business stakeholders
Monitor key metrics in both B2B and B2C. Understand the nuances of each domain and create ADS that cater the business requirements.
Complete ownership of the assigned tasks from gathering requirements, building robust and scalable solutions, driving consumption, and generating business insights.

We'd Like You to Have
Bachelors degree from a tier I institute with strong problem-solving skills.
2-4 years of experience in analytics at a fast-paced product organization.
Should be proficient in working on relational databases SQL.
Extensive hand-on experience of data visualization to create insightful dashboards using Tableau
Should have worked on aggregating data from multiple data sources and data wrangling using R/Python.
Excellent written and verbal communication skills

Behavioral attributes
- We are looking for hustlers in the Analytics team who know how to get the job done.
- If you have the ability to hunt for simplification in complexity, we would love to talk to you.
- If you have an entrepreneurial spirit and you know how to take complete ownership of your work, we would be interested in you.",Not Mentioned
Data Analyst - Havells IP,Havells,"Prayagraj, Varanasi, Ghaziabad, Kanpur, Lucknow, Agra",https://www.naukri.com/job-listings-data-analyst-havells-ip-havells-india-limited-prayagraj-varanasi-ghaziabad-kanpur-lucknow-agra-0-to-6-years-150725504958,"Having knowledge of Advance Excel, Power BI, VBA and Other Dashboard/ Visualization
Tool set for Data Intelligence and analysis.
Handle All the Region Wise Reports As Territory Wise Business performance Report,
Regional Allowance - Report With the help of SAP.
Prepare PPT to Performance Report for higher management presentation (Sale & Margin
Flow & Inventory Status)
Month/Quarterly/Half yearly/Annual sales/product reporting.
Preparing and flashing Daily/Weekly/Monthly/YTD reports to management, tracking
progress and analysis.
Visualization of Sales Analysis: - Prepare Dashboards, Depot wise Target vs. Actual Sale
data on Pan India basis.
Review and Analysis of various discounts and marketing schemes as prevailing and
proposed for various regions with the schemes of local competitors.",Avg. salary - 5.8 LPA
Data Analyst,Hsbc,Hyderabad,https://www.naukri.com/job-listings-data-analyst-hsbc-electronic-data-processing-india-pvt-ltd-hyderabad-0-to-4-years-150725501930,"Some careers have more impact than others.
If you re looking for a career where you can make a real impression, join HSBC and discover how valued you ll be.
HSBC is one of the largest banking and financial services organisations in the world, with operations in 62 countries and territories. We aim to be where the growth is, enabling businesses to thrive and economies to prosper, and, ultimately, helping people to fulfil their hopes and realise their ambitions.
We are currently seeking an experienced professional to join our team in the role of Data Analyst
Principal responsibilities
Performing exploratory data analysis across one or multiple data domains / business subject areas to understand the data s structure and relationships that would support business data requirements.
Perform queries on data platforms to validate analysis / hypothesis and ensure good quality / trusted data are being identified for the business.
Collaborate with upstream data domain / data platform owners to source trusted enterprise-level data, ensuring good quality data is provisioned downstream.
Participate in agile ceremonies within the assigned pods, adopting agile ways of working and best practices.
Ensure deliverables meet data governance standards, such as data accuracy, data lineage transparency, data consistency and security.
Understand, follow and demonstrate compliance with all relevant internal and external rules, regulations and procedures that apply to the conduct of the business in which you are involved, specifically Internal Controls and any Compliance policy including, inter alia, the Group Compliance policy.
Maintain HSBC Internal Control standards, including the timely implementation of internal and external audit points together with any issues raised by external regulators. Be aware of the Operational Risk scenario associated with your role and act in a manner that takes account of operational risk considerations.
This is non-contractual and is intended only as a summary of your role and responsibilities from time to time. This document will be subject to review by you and your line manager as appropriate during the course of your employment.
The jobholder will continually reassess the operational risks associated with the role and inherent in the business, taking account of changing legal and regulatory requirements, operating procedures and practices, management restructurings, and the impact of new technology
This will be achieved by ensuring all actions take into account the likelihood of operational risk events, and by addressing any areas of concern in conjunction with line management and/or the appropriate department. The role will implement the Operational Risk control framework and per the BRCMs Three Lines of Defence










Requirements



University degree in relevant disciplines.
Strong analytical and problem-solving skills.
Experience working within the Hadoop and GCP ecosystems in addition to strong technical skills in analytical languages such as Python, R, SQL, SAS.
Good understanding of banking operations and processes, preferably in Risk, Compliance and Finance functions.
Proven experience working in Agile environments (Kanban / Scrum) and familiarity with Agile tools like JIRA, Confluence, MS Teams & SharePoint.
Excellent stakeholder engagement and management skills. Ability to navigate within the organization
Proficient skills in MS Excel and PowerPoint.
You ll achieve more at HSBC
HSBC is an equal opportunity employer committed to building a culture where all employees are valued, respected and opinions count. We take pride in providing a workplace that fosters continuous professional development, flexible working and, opportunities to grow within an inclusive and diverse environment. We encourage applications from all suitably qualified persons irrespective of, but not limited to, their gender or genetic information, sexual orientation, ethnicity, religion, social status, medical care leave requirements, political affiliation, people with disabilities, color, national origin, veteran status, etc. , We consider all applications based on merit and suitability to the role.
Personal data held by the Bank relating to employment applications will be used in accordance with our Privacy Statement, which is available on our website.",Avg. salary - 10.7 LPA
Data Analyst - Fraud,Visa,Bengaluru,https://www.naukri.com/job-listings-data-analyst-fraud-visa-inc-bengaluru-2-to-3-years-190725501375,"This position will support the Anomaly Detection Platforms (ADP) team and help drive several of Visa s most important and high-visibility fraud deterrence and compliance enablement projects within Global Risk team at Visa. This fast-paced team of technology experts identifies, investigates, disrupts and prevents compliance breaches and fraud attacks targeting the global payment ecosystem. This data and analytics team is working closely with the Visa Direct team to identify non-compliance across money-movement merchants and their acquiring banks leveraging advanced analytics and data science techniques. Key measures of success for this position include the ability to develop and automate key data intelligence capabilities that optimize detection of Visa Direct acquirer & merchant non-compliance activities, the development of advanced metrics that evaluate the non-compliance risk of key clients, and automated reporting at scale for business enforcement. The solutions developed under this role will lead to measurable improvement in Visa Direct s transactional data integrity and streamlined operations of Visa Direct business.
The Primary responsibilities for this role will include:
Lead the design and production deployment of new and advanced techniques to recognize non-compliance in Visa Direct AFT and OCT transactions including peer-to-peer transfers, wallet loads, account funding, money transfers, etc.
Manage non-compliance detection taxonomies and thresholds that optimize true positive detections.
Analyze complex financial data to uncover patterns, anomalies, and insights that support risk assessment and non-compliance identification.
Collaborate closely with issuing and acquiring clients to understand their specific risk and fraud challenges, providing expert guidance and tailoring solutions to their needs.
Provide data analysis to provide evidence against non-compliance in merchant registration and operations.
Continuously question and consider new techniques to stay ahead of key money movement trends.
Assist in the coordinated compilation and delivery of reporting, briefings, and other related communication products to Visa management.
Collaborate with Technology partners to enhance detection capabilities for improved insights and pattern detection.
SECONDARY RESPONSIBILITIES:
Develop customized monitoring solutions to enable clients to take proactive action during merchant registration to avoid non-compliance at source.
Support the development of data-led cybercrime and fraud prevention initiatives including point-of-sale (card present/card not present) terminal fraud, anomalous cross-border volumes, Purchase Return Authorization fraud, data manipulation attacks, and ATM Cashouts.
Provide intelligence and technical analysis support to the Global Risk organization to further protect the payment ecosystem.
Create detailed documentation for all the Visa Direct analytics solutions.
Communicate openly with the Visa Direct team and act as an SME and point of escalation.
Develop a plan to partner and gather intelligence details from acquirers for all source analysis.
This is a hybrid position. Expectation of days in office will be confirmed by your Hiring Manager.


REQUIRED EXPERIENCE :
2 to 3 years of work experience (preferably in payments industry) with a Bachelors Degree or an Advanced Degree (e.g. Masters, MBA, or PhD
Ability to conduct com",Not Mentioned
Data Analyst,S&P Global Market Intelligence,"Hyderabad, Gurugram, Bengaluru",https://www.naukri.com/job-listings-data-analyst-sp-capital-iq-india-pvt-ltd-hyderabad-gurugram-bengaluru-3-to-5-years-180725923061,"About the Role: 

Grade Level (for internal use):
07

The Team The Private Markets Data Operations Team provides exceptional insights and analytics that empower clients in the private markets landscape. The purpose of this team is to generate unique market-leading data, ensuring accuracy, completeness, and timeliness. By leveraging innovative data collection and analytical techniques, we enhance transparency and deliver actionable insights that inform strategic decision-making. Our culture of innovation prioritizes Lean methodologies and automation to streamline processes and improve data integrity. Through strong stakeholder relationships and a deep understanding of market dynamics, we position ourselves as trusted partners, equipping clients with the intelligence needed to navigate opportunities and risks in a competitive environment.

Responsibilities & Impact

In this role, you will play a vital part in supporting the data teams objectives by focusing on the collection, analysis, and maintenance of datasets. Your contributions will directly impact the accuracy, completeness, and timeliness of the data we provide. You will collaborate with team members to execute data quality initiatives and assist in the execution of ad-hoc projects aimed at enhancing our data offerings. This role offers an opportunity to develop your analytical skills while working with motivated individuals, contributing to the teams goals by generating actionable insights that inform decision-making and support operational excellence. Your work will help ensure that our datasets meet the highest standards, driving value for our clients and stakeholders.

Responsibilities


Gather and verify extensive data on market participants, utilizing publicly available sources including but not limited to websites, news articles, and various public registries & filings to provide accurate insights and ensure thorough data coverage.


Conduct data cleansing to ensure accuracy and consistency in datasets by regularly reviewing and refining them.


Perform routine reporting and basic trend analysis to generate reports that highlight trends for actionable insights.


Automate data collection and reporting tasks using SQL and Lean methodologies to streamline processes and enhance efficiency.


Utilize GenAI tools for exploratory data analysis to extract deeper insights from datasets for informed decision-making.


Maintain thorough documentation of data collection processes to ensure compliance and facilitate future reference.


Deliver individual and team targets by achieving predefined goals with a focus on quality and accuracy.


Provide input for new data collection methods and product enhancements to improve strategies based on market needs.


Troubleshoot data-related issues and support team members by addressing discrepancies and fostering collaboration.


Support workflow and process improvements by participating in initiatives aimed at refining team performance.


Preferred Qualification/What We are Looking For


Masters degree in finance, economics, data science, or related fields.


Strong analytical mindset with attention to detail and quantitative skills.


Basic knowledge of SQL and Excel; familiarity with BI tools is a plus.


Understanding of compliance in data collection and reporting.



Exposure to Lean principles or automation tools is desirable.


Willingness to learn and adapt to modern technologies, including GenAI .


Excellent communication, time-management, and multi-tasking skills.


Proficient in secondary research and online thematic research.


Certification and experience in MS Office (Excel, Word, PowerPoint).


Initiative and resourcefulness in problem-solving.


Adaptable to flexible shifts and team environments.


Basic project management skills for ad-hoc projects.


Interest in market trends and ability to analyze market dynamics.


Strong collaboration and interpersonal skills to build team relationships.


Proactive in enhancing technical skills relevant to data analysis.


Whats In It For

You

Our Purpose:

Progress is not a self-starter. It requires a catalyst to be set in motion. Information, imagination, people, technologythe right combination can unlock possibility and change the world.Our world is in transition and getting more complex by the day. We push past expected observations and seek out new levels of understanding so that we can help companies, governments and individuals make an impact on tomorrow. At S&P Global we transform data into Essential Intelligence, pinpointing risks and opening possibilities. We Accelerate Progress.

Our People:

Our Values:

Integrity, Discovery, Partnership

At S&P Global, we focus on Powering Global Markets. Throughout our history, the world's leading organizations have relied on us for the Essential Intelligence they need to make confident decisions about the road ahead. We start with a foundation of

integrity in all we do, bring a spirit of

discovery to our work, and collaborate in close

partnership with each other and our customers to achieve shared goals.

Benefits:

We take care of you, so you cantake care of business. We care about our people. Thats why we provide everything youand your careerneed to thrive at S&P Global.

Health & WellnessHealth care coverage designed for the mind and body.



Continuous LearningAccess a wealth of resources to grow your career and learn valuable new skills.

Invest in Your FutureSecure your financial future through competitive pay, retirement planning, a continuing education program with a company-matched student loan contribution, and financial wellness programs.

Family Friendly PerksIts not just about you. S&P Global has perks for your partners and little ones, too, with some best-in class benefits for families.

Beyond the BasicsFrom retail discounts to referral incentive awardssmall perks can make a big difference.

For more information on benefits by country visithttps://spgbenefits.com/benefit-summaries

Global Hiring and Opportunity at S&P Global:

At S&P Global, we are committed to fostering a connected andengaged workplace where all individuals have access to opportunities based on their skills, experience, and contributions. Our hiring practices emphasize fairness, transparency, and merit, ensuring that we attract and retain top talent. By valuing different perspectives and promoting a culture of respect and collaboration, we drive innovation and power global markets.

Recruitment Fraud Alert

If you receive an email from a spglobalind.com domain or any other regionally based domains, it is a scam and should be reported to reportfraud@spglobal.com. S&P Global never requires any candidate to pay money for job applications, interviews, offer letters, pre-employment training or for equipment/delivery of equipment. Stay informed and protect yourself from recruitment fraud by reviewing our guidelines, fraudulent domains, and how to report suspicious activity here.

----

Equal Opportunity Employer

S&P Global is an equal opportunity employer and all qualified candidates will receive consideration for employment without regard to race/ethnicity, color, religion, sex, sexual orientation, gender identity, national origin, age, disability, marital status, military veteran status, unemployment status, or any other status protected by law. Only electronic job submissions will be considered for employment.



If you need an accommodation during the application process due to a disability, please send an email to EEO.Compliance@spglobal.com and your request will be forwarded to the appropriate person.

US Candidates Only The EEO is the Law Poster http://www.dol.gov/ofccp/regs/compliance/posters/pdf/eeopost.pdf describes discrimination protections under federal law. Pay Transparency Nondiscrimination Provision - https://www.dol.gov/sites/dolgov/files/ofccp/pdf/pay-transp_%20English_formattedESQA508c.pdf

----
20 - Professional (EEO-2 Job Categories-United States of America), DTMGOP203 - Entry Professional (EEO Job Group), SWP Priority Ratings - (Strategic Workforce Planning)
Location - Hyderabad,Gurugram,Bengaluru,Mumbai,Maharastra",Not Mentioned
Data Analyst - AWS,Wipro,Chennai,https://www.naukri.com/job-listings-data-analyst-aws-wipro-limited-chennai-5-to-8-years-110725930331,"Role Purpose
The purpose of the role is to support process delivery by ensuring daily performance of the Production Specialists, resolve technical escalations and develop technical capability within the Production Specialists.





Do
Oversee and support process by reviewing daily transactions on performance parameters
Review performance dashboard and the scores for the team
Support the team in improving performance parameters by providing technical support and process guidance
Record, track, and document all queries received, problem-solving steps taken and total successful and unsuccessful resolutions
Ensure standard processes and procedures are followed to resolve all client queries
Resolve client queries as per the SLAs defined in the contract
Develop understanding of process/ product for the team members to facilitate better client interaction and troubleshooting
Document and analyze call logs to spot most occurring trends to prevent future problems
Identify red flags and escalate serious client issues to Team leader in cases of untimely resolution
Ensure all product information and disclosures are given to clients before and after the call/email requests
Avoids legal challenges by monitoring compliance with service agreements



Handle technical escalations through effective diagnosis and troubleshooting of client queries
Manage and resolve technical roadblocks/ escalations as per SLA and quality requirements
If unable to resolve the issues, timely escalate the issues to TA & SES
Provide product support and resolution to clients by performing a question diagnosis while guiding users through step-by-step solutions
Troubleshoot all client queries in a user-friendly, courteous and professional manner
Offer alternative solutions to clients (where appropriate) with the objective of retaining customers and clients business
Organize ideas and effectively communicate oral messages appropriate to listeners and situations
Follow up and make scheduled call backs to customers to record feedback and ensure compliance to contract SLAs



Build people capability to ensure operational excellence and maintain superior customer service levels of the existing account/client
Mentor and guide Production Specialists on improving technical knowledge
Collate trainings to be conducted as triage to bridge the skill gaps identified through interviews with the Production Specialist
Develop and conduct trainings (Triages) within products for production specialist as per target
Inform client about the triages being conducted
Undertake product trainings to stay current with product features, changes and updates
Enroll in product specific and any other trainings per client requirements/recommendations
Identify and document most common problems and recommend appropriate resolutions to the team
Update job knowledge by participating in self learning opportunities and maintaining personal networks
Mandatory Skills: Data Analysis.
Experience:5-8 Years.",Not Mentioned
Data Analyst,Cummins,Pune,https://www.naukri.com/job-listings-data-analyst-cummins-india-ltd-pune-2-to-6-years-040725920325,"DESCRIPTION
Key Responsibilities:
Conduct descriptive and diagnostic analytics on data sources.
Apply machine learning tools on data and metadata to improve data quality.
Identify patterns and trends in data sets.
Create reports and dashboards on analysis results using business intelligence technologies.
Develop data profiles for data tables and elements in the data lake.
Create data catalog entries and ensure data catalog metadata quality.
Analyze diverse data sets to identify data quality, coherency, and integrability issues and reduce data redundancy.
Collaborate to develop data cleansing methods and rules.
Assist in the creation and maintenance of documentation of key decisions, rules, controls, and processes.
RESPONSIBILITIES
Qualifications:
College, university, or equivalent degree in relevant technical discipline, or relevant equivalent experience required.
This position may require licensing for compliance with export controls or sanctions regulations.
Competencies:
Action Oriented: Taking on new opportunities and tough challenges with a sense of urgency, high energy, and enthusiasm.
Communicates Effectively: Developing and delivering multi-mode communications that convey a clear understanding of the unique needs of different audiences.
Customer Focus: Building strong customer relationships and delivering customer-centric solutions.
Tech Savvy: Anticipating and adopting innovations in business-building digital and technology applications.
Data Analytics: Discovering, interpreting, and communicating qualitative and quantitative data; determining conclusions relying on knowledge of business or functional frameworks; simultaneously applying statistics, data validity, data visualization, and problem-solving approaches to effectively extract meaningful patterns and business insights; presenting conclusions and outcomes that enable data-driven business decisions.
Data Communication and Visualization: Constructing a tale of the business problem, root cause, solution options, and opportunities through illustrating data visually, including reports and dashboards.
Data Literacy: Expressing data in context, including data sources and constructs, analytical methods, and applied techniques; describing the use-case application and resulting value.
Data Profiling: Assessing data issues and cleansing requirements to perform data extraction, mapping, collection, and testing; establishing good, quality data.
Data Quality: Identifying, understanding, and correcting flaws in data that supports effective information governance across operational business processes and decision-making.
Values Differences: Recognizing the value that different perspectives and cultures bring to an organization.
QUALIFICATIONS
Skills:
Demonstrated experience as a Data Analyst or in a related data-centric role.
Proficiency in SQL (preferably SQL Server) for querying and manipulating data.
Practical experience with Databricks for tasks related to data engineering, data science, and analytics.
Experience working with Databricks Lakehouse architecture and data warehousing concepts.
Knowledge of Azure cloud services, including Azure Data Factory and Azure SQL Database.
Expertise in Python programming.
Skilled in using PowerBI to create interactive reports, dashboards, and visualizations, with familiarity in SSAS models.
Strong analytical mindset with excellent problem-solving skills and keen attention to detail.
Good communication skills, capable of conveying complex data insights clearly to non-technical stakeholders.
Experience:
Relevant experience preferred such as working in a temporary student employment, intern, co-op, or other extracurricular team activities.
Knowledge of the latest technologies and trends in data science is highly preferred and includes:
SQL query language execution on NoSQL and SQL sources.
Exposure to Agile software development.
Exposure to IoT technology.
Data profiling tools, technologies, and coding.
Data catalog tools and technologies.
Business intelligence tools and technologies.
Exposure to Big Data open source.
Clustered compute cloud-based implementation experience.",Avg. salary - 9.7 LPA
Data Analyst,Michelin,Pune,https://www.naukri.com/job-listings-data-analyst-michelin-manufacturing-pune-2-to-5-years-170725501949,"Data Analyst
- - - - - - - - - - - -
The e-Retail Digital Marketing Analyst position involves working directly with a dynamic team of eRetail business analysts based in Lyon, France, as they assist internal business partners in developing e-Retail strategies to achieve Michelin business goals.
Tracks, measures, analyzes trends of the eRetail execution of Michelin tyre products on identified e-Commerce websites, with a focus on defined KPIs
Understands e-Retail business requirements and how to map those requirements to specific distributor relationships contexts",Not Mentioned
Data Analyst,NTT DATA Business Solutions,Bengaluru,https://www.naukri.com/job-listings-data-analyst-ntt-data-bengaluru-0-to-5-years-250625501149,"Req ID: 327858
NTT DATA strives to hire exceptional, innovative and passionate individuals who want to grow with us. If you want to be part of an inclusive, adaptable, and forward-thinking organization, apply now.
We are currently seeking a Data Analyst to join our team in Bangalore, Karn taka (IN-KA), India (IN).
Job Duties: Key Responsibilities: Conduct in-depth revenue analysis to identify trends and opportunities for growth. Perform P&L attribution, analyzing variances and providing detailed insights to stakeholders. Execute Independent Price Verification (IPV) processes to ensure the accuracy and consistency of financial data. Lead data reconciliation efforts by identifying and resolving discrepancies in financial datasets. Collaborate with finance, operations, and IT teams to develop efficient processes and reporting mechanisms. Document business requirements, workflows, and processes, translating them into technical specifications where necessary. Develop and maintain financial models to support decision-making processes. Monitor financial performance and prepare detailed reports for senior management. Minimum Skills Required: Qualifications: Bachelors degree in Finance, Economics, Business, or a related field (Master s preferred). Proven experience as a Business Analyst in the finance domain, with expertise in revenue, P&L attribution, IPV, and data reconciliation. Strong knowledge of financial principles, data analysis, and reporting tools. Proficiency in data analytics platforms such as Excel, SQL, or Tableau. Excellent problem-solving skills and attention to detail. Strong communication and interpersonal skills for effective stakeholder management. Ability to work in a fast-paced, deadline-driven environment. Preferred Skills: Certification in Business Analysis (e.g., CBAP, CCBA) or related field is a plus. Familiarity with financial systems and accounting software. Experience in Agile or Scrum methodologies.",Avg. salary - 4.7 LPA
Data Governance Analyst,Barclays,"Pune, Chennai",https://www.naukri.com/job-listings-data-governance-analyst-barclays-shared-services-pune-chennai-0-to-7-years-100725502538,"Join us as a Data Governance Analyst at Barclays, where you will be responsible for supporting the successful delivery of location strategy projects to plan, budget, agreed quality and governance standards. Youll spearhead the evolution of our digital landscape, driving innovation and excellence. You will harness cutting-edge technology to revolutionise our digital offerings, ensuring unparalleled customer experiences.
To be successful as a Data Governance Analyst you should have experience with:
Data and Record governance, data controls, data lineage and associated methodologies.
Experience in data products, cloud and data warehouses
Business Domain (Retail or Banking) and Regulatory reporting experience.
Working in a regulated environment and solid understanding of data and control risk management.
Some other highly valued skills may include:
Understanding of different technologies around the execution of data control.
Ability to proactively drive change.
Exceptional stakeholder management skills to be able to maintain collaborative working relationships with key senior stakeholders.
Experience of working in multiple large teams delivering complex services involving the highest standards of resilience, risk and governance controls.
Proficiency in data analytics and insight generation to derive actionable insights from data.
You may be assessed on key critical skills relevant for success in role, such as risk and controls, change and transformation, business acumen, strategic thinking and digital and technology, as well as job-specific technical skills.
This role is based out of Chennai.
Purpose of the role
To develop, implement, and maintain effective governance frameworks for all data and records across the banks global operations.
Accountabilities
Development and maintenance of a comprehensive data and records governance framework aligned with regulatory requirements and industry standards.
Monitoring data quality and records metrics and compliance with standards across the organization.
Identification and addressing of data and records management risks and gaps.
Development and implementation of a records management programme that ensures the proper identification, classification, storage, retention, retrieval and disposal of records.
Development and implementation of a data governance strategy that aligns with the banks overall data management strategy and business objectives.
Provision of Group wide guidance and training on Data and Records Management standard requirements.
Assistant Vice President Expectations
To advise and influence decision making, contribute to policy development and take responsibility for operational effectiveness. Collaborate closely with other functions/ business divisions.
Lead a team performing complex tasks, using well developed professional knowledge and skills to deliver on work that impacts the whole business function. Set objectives and coach employees in pursuit of those objectives, appraisal of performance relative to objectives and determination of reward outcomes
If the position has leadership responsibilities, People Leaders are expected to demonstrate a clear set of leadership behaviours to create an environment for colleagues to thrive and deliver to a consistently excellent standard. The four LEAD behaviours are: L - Listen and be authentic, E - Energise and inspire, A - Align across the enterprise, D - Develop others.
OR for an individual contributor, they will lead collaborative assignments and guide team members through structured assignments, identify the need for the inclusion of other areas of specialisation to complete assignments. They will identify new directions for assignments and/ or projects, identifying a combination of cross functional methodologies or practices to meet required outcomes.
Consult on complex issues; providing advice to People Leaders to support the resolution of escalated issues.
Identify ways to mitigate risk and developing new policies/procedures in support of the control and governance agenda.
Take ownership for managing risk and strengthening controls in relation to the work done.
Perform work that is closely related to that of other areas, which requires understanding of how areas coordinate and contribute to the achievement of the objectives of the organisation sub-function.
Collaborate with other areas of work, for business aligned support areas to keep up to speed with business activity and the business strategy.
Engage in complex analysis of data from multiple sources of information, internal and external sources such as procedures and practises (in other areas, teams, companies, etc). to solve problems creatively and effectively.
Communicate complex information. Complex information could include sensitive information or information that is difficult to communicate because of its content or its audience.
Influence or convince stakeholders to achieve outcomes.",Not Mentioned
Data Analyst,Randstad India,New Delhi(Siri Fort),https://www.naukri.com/job-listings-data-analyst-randstad-new-delhi-3-to-8-years-190625025311,"Hiring for Randstad client

Role & responsibilities

Requirement Gathering & Stakeholder Engagement- Collaborate with internal teams and logistics partners to understand business
problems, define KPIs, and translate them into data-driven requirements.
2. Data Exploration & Insight Generation - Analyze large, complex datasets using SQL to identify patterns, diagnose issues, and
uncover opportunities in hyperlocal and intercity logistics performance.
3. Dashboard Development & Reporting - Design and maintain Power BI dashboards and Excel-based reports that provide actionable
insights and enable real-time tracking of logistics KPIs.
4. Business Performance Monitoring - Track and evaluate critical metrics like TAT, fulfillment rate, and distance-based delivery
outcomes to measure operational efficiency across categories and cities.
5. Strategic Recommendations & Communication - Synthesize

Interested candidate share profile on p.preethi@randstad.in",Not Mentioned
Data Analyst,Swiss Re,Bengaluru,https://www.naukri.com/job-listings-data-analyst-swiss-re-bengaluru-4-to-9-years-180725503864,"Join Swiss Re as a Data Analyst and turn complex data into actionable intelligence. Youll collaborate across global teams, streamline operational performance, and support strategic decision-making with your analytical expertise. If youre passionate about data, curious by nature, and eager to make a difference in a dynamic environment - this is your opportunity.
About the role
Together with PSS Operations Lead, you will play a key role in supporting PSS data-driven decision-making processes by developing and maintaining robust data models, automated pipelines, and analytical tools. The role requires both technical fluency and a sharp analytical mindset to convert complex data into meaningful insights for PSS Client Managers.
Key responsibilities:
Data Processing: Implement big data processing workflows and pipelines to handle large-scale datasets efficiently.
Model Development and Maintenance : Design, develop, test deploy, retrain learning models and algorithms to solve complex business problems in collaboration with other Swiss Re teams to optimize PSS delivery for business growth.
Automation: Promote and implement best practices to develop automated data extraction solutions for pipeline and pricing data. Assess new and promising technologies from the GenAI within group.
Platform Management: Maintain and enhance our data platforms to ensure high performance and reliability.
Collaboration: Work closely with business stakeholders to understand their needs, provide insights, and deliver tailored solutions.
KPI Tracking: Support management to deliver on business goals.
About the Team
Swiss Re Corporate Solutions is the commercial insurance arm of the Swiss Re Group. We offer innovative insurance solutions to large and midsized multinational corporations from our approximately 50 locations worldwide. We help clients mitigate their risk exposure, whilst our industry-leading claims service provides them with additional peace of mind.
About You
Degree in Computer Science, Data Science, Finance, or related field
4+ years of experience as a Business Analyst, Data Engineer, or similar role
Strong proficiency in Excel, including advanced modelling and macros
Experience in data modelling and API design
Practical experience in building automated data transformation workflows and pipelines
Strong technical and quantitative skills; proficient with tools for data analytics and reporting
Excellent analytical and problem-solving skills with strong attention to detail
Proven ability to communicate complex data in an accessible and actionable way
Comfortable working under pressure, handling multiple tasks, and managing diverse stakeholder needs
Self-starter with the ability to work independently with minimal direction
Positive, goal-oriented mindset with a ""can-do"" attitude
Fluent in English; additional languages are a plus
#LI-Hybrid
About Swiss Re Corporate Solutions
Swiss Re is one of the world s leading providers of reinsurance, insurance and other forms of insurance-based risk transfer. We anticipate and manage risks, from natural catastrophes and climate change to cybercrime.

Swiss Re Corporate Solutions is the commercial insurance arm of the Swiss Re Group. We offer innovative insurance solutions to large and midsized multinational corporations from our approximately 50 locations worldwide. We help clients mitigate their risk exposure, whilst our industry-leading claims service provides them with additional peace of mind.

Our success depends on our ability to build an inclusive culture encouraging fresh perspectives and innovative thinking. Swiss Re Corporate Solutions embraces a workplace where everyone has equal opportunities to thrive and develop professionally regardless of their age, gender, race, ethnicity, gender identity and/or expression, sexual orientation, physical or mental ability, skillset, thought or other characteristics. In our inclusive and flexible environment everyone can bring their authentic selves to work and their passion for sustainability.

If you are an experienced professional returning to the workforce after a career break, we encourage you to apply for open positions that match your skills and experience.
Keywords:
Reference Code: 134734",Not Mentioned
Linguistic/Localization Data Analyst,Robert Bosch Engineering and Business Solutions Private Limited,"Hosur, Bengaluru",https://www.naukri.com/job-listings-linguistic-localization-data-analyst-robert-bosch-engineering-and-business-solutions-private-limited-hosur-bengaluru-0-to-6-years-120725500710,"Basic Qualifications:
Language Proficiency : Minimum B2. 1 level in at least one foreign language, preferably a European language (e. g. , French, German, Spanish, Portuguese) or an equivalent level in Japanese.
MS Office Proficiency : Strong working knowledge of MS Office applications, especially advanced Excel skills for data analysis and manipulation (e. g. , VLOOKUP, complex formulas, data filtering, and large dataset management).
Technical Proficiency : Willingness to work with Bosch-specific tools, compilers, software, and the flexibility to learn new technologies.
English Fluency : Proficient in both spoken and written English.
Communication Skills : Excellent interpersonal and communication abilities.
Preferred Qualifications:
Multilingual Flexibility : Willingness to work with multiple languages.
Process Automation Knowledge : Familiarity with process automation concepts, with a willingness to explore and implement efficiency improvements.
Linguistic Insight : Ability to analyze language structures and resolve issues with unfamiliar languages.
Analytical and Problem-Solving Skills : Strong troubleshooting abilities, with experience in identifying and fixing bugs and resolving technical issues.
Additional Skills (Good to Have):
Sound Editing : Familiarity with audio editing tools (e. g. , Adobe Audition).
Advanced Excel Proficiency : Skilled in data manipulation and advanced Excel functionalities, including complex formulas, data modeling, and macro creation for processing and analyzing extensive datasets efficiently.
Third-Party Collaboration : Ability to work effectively with third-party suppliers, ensuring smooth coordination and project alignment.
Software Testing Experience : Familiarity with software testing principles and methodologies, and an understanding of basic QA processes.",Avg. salary - 7.3 LPA
Data Analyst - Gurugram,Infosys,"Chennai, Bengaluru, PAN INDIA",https://www.naukri.com/job-listings-data-analyst-gurugram-infosys-chennai-bengaluru-pan-india-5-to-10-years-210525015253,"Responsibilities:
Understand architecture requirements and ensure effective design, development, validation, and support activities.
Analyze user requirements, envisioning system features and functionality.
Identify bottlenecks and bugs, and recommend system solutions by comparing advantages and disadvantages of custom development.
Contribute to team meetings, troubleshooting development and production problems across multiple environments and operating platforms.",Not Mentioned
Data Analyst (FP&A),Exxon Mobil Corporation,Bengaluru,https://www.naukri.com/job-listings-data-analyst-fp-a-exxon-mobil-corporation-bengaluru-3-to-8-years-170725503624,"About us
We invite you to bring your ideas to ExxonMobil to help create sustainable solutions that improve quality of life and meet society s evolving needs. Learn more about our What and our Why and how we can work together .
ExxonMobil s affiliates in India
ExxonMobil s affiliates have offices in India in Bengaluru, Mumbai and the National Capital Region.
ExxonMobil s affiliates in India supporting the Product Solutions business engage in the marketing, sales and distribution of performance as well as specialty products across chemicals and lubricants businesses. The India planning teams are also embedded with global business units for business planning and analytics.",Not Mentioned
S&C GN - Data&AI - Resources - Analyst,Accenture,Bengaluru,https://www.naukri.com/job-listings-s-c-gn-data-ai-resources-analyst-accenture-solutions-pvt-ltd-bengaluru-4-to-8-years-140725908933,,Avg. salary - 7.7 LPA
